Order ID,Order Date,Ship Date,Customer,Amount
ORD1000,2021-06-27,2022-06-17,Customer_0,578
ORD1001,2014-08-26,2013-01-09,Customer_1,702
ORD1002,2013-05-25,2018-01-10,Customer_2,637
ORD1003,2013-08-05,2022-02-21,Customer_3,297
ORD1004,2019-03-28,2022-07-10,Customer_4,593
ORD1005,2013-05-25,2021-06-26,Customer_5,222
ORD1006,2013-05-29,2019-07-16,Customer_6,246
ORD1007,2017-10-21,2012-01-02,Customer_7,758
ORD1008,2018-03-25,2023-05-24,Customer_8,591
ORD1009,2021-01-23,2019-09-26,Customer_9,211
ORD1010,2013-12-25,2016-04-16,Customer_10,981
ORD1011,2010-03-13,2013-01-16,Customer_11,343
ORD1012,2020-11-21,2016-06-22,Customer_12,842
ORD1013,2023-11-03,2020-12-24,Customer_13,850
ORD1014,2019-04-25,2019-08-24,Customer_14,712
ORD1015,2015-08-01,2022-03-22,Customer_15,268
ORD1016,2023-08-13,2010-02-24,Customer_16,517
ORD1017,2022-11-20,2010-10-06,Customer_17,151
ORD1018,2011-05-03,2011-04-25,Customer_18,182
ORD1019,2010-03-25,2016-02-12,Customer_19,352
ORD1020,2021-12-12,2023-10-24,Customer_20,941
ORD1021,2021-03-16,2021-11-23,Customer_21,987
ORD1022,2021-01-14,2015-11-04,Customer_22,320
ORD1023,2021-02-17,2015-05-16,Customer_23,644
ORD1024,2019-08-13,2018-10-03,Customer_24,625
ORD1025,2018-05-02,2023-11-02,Customer_25,360
ORD1026,2010-03-12,2022-10-18,Customer_26,903
ORD1027,2023-12-25,2011-01-13,Customer_27,950
ORD1028,2014-02-23,2021-10-08,Customer_28,396
ORD1029,2017-06-23,2017-12-28,Customer_29,832
ORD1030,2010-01-16,2019-12-31,Customer_30,711
ORD1031,2012-03-23,2020-02-02,Customer_31,856
ORD1032,2010-07-17,2012-10-29,Customer_32,677
ORD1033,2010-09-15,2017-02-19,Customer_33,176
ORD1034,2016-02-10,2019-11-03,Customer_34,330
ORD1035,2017-10-26,2011-11-01,Customer_35,515
ORD1036,2013-04-24,2016-07-13,Customer_36,793
ORD1037,2016-12-15,2017-05-14,Customer_37,670
ORD1038,2014-06-18,2016-11-04,Customer_38,468
ORD1039,2016-04-14,2011-02-19,Customer_39,178
ORD1040,2023-03-09,2021-06-19,Customer_40,880
ORD1041,2019-06-10,2018-04-21,Customer_41,916
ORD1042,2021-04-12,2023-04-28,Customer_42,439
ORD1043,2014-12-10,2020-03-17,Customer_43,242
ORD1044,2023-12-27,2022-06-24,Customer_44,175
ORD1045,2018-12-08,2021-06-26,Customer_45,898
ORD1046,2015-11-11,2011-10-02,Customer_46,248
ORD1047,2013-10-22,2018-05-26,Customer_47,402
ORD1048,2022-10-05,2014-09-19,Customer_48,539
ORD1049,2014-08-12,2022-06-23,Customer_49,627
ORD1050,2020-09-06,2018-07-04,Customer_50,899
ORD1051,2021-06-05,2020-03-13,Customer_51,793
ORD1052,2015-03-17,2013-01-04,Customer_52,495
ORD1053,2016-12-16,2019-08-27,Customer_53,499
ORD1054,2017-03-29,2020-04-09,Customer_54,537
ORD1055,2022-11-17,2023-07-18,Customer_55,294
ORD1056,2013-12-25,2011-10-25,Customer_56,968
ORD1057,2023-01-17,2015-06-13,Customer_57,501
ORD1058,2014-12-21,2018-05-22,Customer_58,591
ORD1059,2020-03-11,2019-02-16,Customer_59,601
ORD1060,2016-10-09,2011-04-11,Customer_60,882
ORD1061,2023-12-05,2018-08-15,Customer_61,315
ORD1062,2019-04-02,2011-02-27,Customer_62,920
ORD1063,2014-03-10,2023-05-26,Customer_63,131
ORD1064,2016-09-02,2011-12-06,Customer_64,896
ORD1065,2010-02-13,2012-08-08,Customer_65,760
ORD1066,2016-02-27,2016-03-06,Customer_66,961
ORD1067,2020-12-31,2022-03-08,Customer_67,788
ORD1068,2012-06-27,2014-08-16,Customer_68,552
ORD1069,2018-04-07,2012-03-11,Customer_69,344
ORD1070,2017-03-15,2015-03-27,Customer_70,126
ORD1071,2017-05-03,2012-08-30,Customer_71,168
ORD1072,2011-09-07,2015-07-26,Customer_72,793
ORD1073,2023-07-16,2016-01-08,Customer_73,705
ORD1074,2023-06-30,2016-01-19,Customer_74,188
ORD1075,2018-08-02,2014-02-03,Customer_75,827
ORD1076,2016-09-28,2017-06-07,Customer_76,209
ORD1077,2015-06-25,2023-10-08,Customer_77,689
ORD1078,2020-02-20,2022-06-06,Customer_78,304
ORD1079,2017-02-07,2014-11-17,Customer_79,899
ORD1080,2023-12-16,2023-07-01,Customer_80,377
ORD1081,2018-12-24,2023-12-15,Customer_81,211
ORD1082,2023-05-30,2013-12-25,Customer_82,241
ORD1083,2021-11-03,2013-02-13,Customer_83,431
ORD1084,2023-02-01,2013-03-12,Customer_84,468
ORD1085,2023-12-13,2019-08-23,Customer_85,523
ORD1086,2020-07-20,2017-12-18,Customer_86,503
ORD1087,2012-07-08,2021-12-19,Customer_87,435
ORD1088,2019-04-05,2012-12-24,Customer_88,202
ORD1089,2021-01-30,2015-01-20,Customer_89,315
ORD1090,2018-05-31,2023-04-10,Customer_90,134
ORD1091,2023-02-19,2013-12-25,Customer_91,892
ORD1092,2022-04-02,2020-04-13,Customer_92,868
ORD1093,2021-01-10,2018-10-21,Customer_93,802
ORD1094,2022-03-06,2014-05-27,Customer_94,973
ORD1095,2010-12-11,2020-04-20,Customer_95,267
ORD1096,2015-02-16,2018-04-27,Customer_96,211
ORD1097,2011-01-09,2022-07-12,Customer_97,960
ORD1098,2017-08-17,2021-04-22,Customer_98,879
ORD1099,2021-09-10,2012-12-04,Customer_99,578
ORD1100,2014-08-21,2017-06-21,Customer_100,641
ORD1101,2017-05-08,2013-12-31,Customer_101,422
ORD1102,2017-08-24,2015-08-23,Customer_102,299
ORD1103,2010-12-29,2020-11-11,Customer_103,918
ORD1104,2019-07-15,2010-10-08,Customer_104,592
ORD1105,2013-01-15,2023-02-15,Customer_105,670
ORD1106,2014-03-08,2020-05-24,Customer_106,738
ORD1107,2022-07-03,2023-08-22,Customer_107,995
ORD1108,2020-11-26,2017-10-20,Customer_108,255
ORD1109,2022-10-09,2020-11-29,Customer_109,624
ORD1110,2022-11-21,2010-10-12,Customer_110,320
ORD1111,2016-07-16,2015-07-01,Customer_111,164
ORD1112,2012-03-04,2019-02-06,Customer_112,419
ORD1113,2019-04-25,2019-06-22,Customer_113,172
ORD1114,2023-01-08,2012-06-13,Customer_114,931
ORD1115,2014-11-07,2022-05-18,Customer_115,430
ORD1116,2011-10-13,2014-03-07,Customer_116,351
ORD1117,2017-12-06,2017-09-05,Customer_117,893
ORD1118,2014-02-28,2023-07-11,Customer_118,568
ORD1119,2011-06-06,2010-01-17,Customer_119,496
ORD1120,2013-10-24,2010-08-07,Customer_120,260
ORD1121,2018-11-19,2016-06-10,Customer_121,533
ORD1122,2012-06-25,2016-06-20,Customer_122,674
ORD1123,2020-03-20,2016-04-30,Customer_123,232
ORD1124,2014-03-02,2023-08-18,Customer_124,810
ORD1125,2013-09-25,2016-10-27,Customer_125,120
ORD1126,2013-04-30,2014-01-22,Customer_126,122
ORD1127,2021-05-23,2019-12-23,Customer_127,620
ORD1128,2019-02-18,2017-04-17,Customer_128,756
ORD1129,2023-05-19,2010-11-22,Customer_129,182
ORD1130,2010-10-23,2021-01-14,Customer_130,860
ORD1131,2015-04-15,2012-08-30,Customer_131,442
ORD1132,2010-05-27,2010-07-31,Customer_132,546
ORD1133,2016-05-31,2015-11-28,Customer_133,723
ORD1134,2018-08-06,2016-04-20,Customer_134,847
ORD1135,2016-05-07,2019-07-13,Customer_135,237
ORD1136,2013-04-09,2016-12-14,Customer_136,293
ORD1137,2023-05-18,2022-10-25,Customer_137,625
ORD1138,2011-02-06,2015-08-29,Customer_138,917
ORD1139,2013-03-16,2015-11-03,Customer_139,636
ORD1140,2010-11-07,2017-06-20,Customer_140,977
ORD1141,2019-02-09,2010-04-18,Customer_141,870
ORD1142,2011-06-25,2015-10-22,Customer_142,118
ORD1143,2023-08-26,2013-11-05,Customer_143,487
ORD1144,2023-01-12,2010-03-26,Customer_144,552
ORD1145,2014-07-29,2021-01-30,Customer_145,246
ORD1146,2015-11-20,2017-02-10,Customer_146,363
ORD1147,2010-09-21,2010-02-27,Customer_147,417
ORD1148,2017-07-25,2014-06-16,Customer_148,723
ORD1149,2019-01-11,2015-05-06,Customer_149,442
ORD1150,2011-08-03,2023-11-26,Customer_150,780
ORD1151,2014-03-19,2013-09-02,Customer_151,135
ORD1152,2017-04-26,2019-05-18,Customer_152,417
ORD1153,2017-11-21,2019-05-25,Customer_153,254
ORD1154,2016-10-14,2014-11-06,Customer_154,339
ORD1155,2023-12-29,2023-05-24,Customer_155,809
ORD1156,2022-12-17,2013-04-02,Customer_156,749
ORD1157,2022-03-12,2016-10-14,Customer_157,485
ORD1158,2012-05-09,2018-06-18,Customer_158,355
ORD1159,2012-10-06,2017-08-06,Customer_159,491
ORD1160,2014-01-18,2011-01-06,Customer_160,997
ORD1161,2023-05-04,2022-02-01,Customer_161,423
ORD1162,2020-01-01,2020-12-11,Customer_162,477
ORD1163,2019-07-01,2015-07-08,Customer_163,990
ORD1164,2011-04-07,2021-02-16,Customer_164,442
ORD1165,2022-07-25,2012-08-12,Customer_165,105
ORD1166,2013-09-12,2019-11-25,Customer_166,379
ORD1167,2020-09-12,2010-02-20,Customer_167,479
ORD1168,2015-01-09,2017-10-04,Customer_168,337
ORD1169,2022-01-30,2021-09-19,Customer_169,827
ORD1170,2012-05-06,2011-07-09,Customer_170,257
ORD1171,2018-03-03,2011-06-17,Customer_171,327
ORD1172,2021-10-07,2020-03-30,Customer_172,521
ORD1173,2020-01-05,2010-01-16,Customer_173,895
ORD1174,2018-03-26,2018-08-07,Customer_174,386
ORD1175,2017-09-11,2010-10-05,Customer_175,855
ORD1176,2015-06-21,2020-08-21,Customer_176,379
ORD1177,2016-06-20,2020-08-30,Customer_177,143
ORD1178,2012-09-19,2018-11-04,Customer_178,465
ORD1179,2012-10-26,2022-10-04,Customer_179,117
ORD1180,2017-01-29,2014-07-26,Customer_180,155
ORD1181,2014-11-24,2020-04-23,Customer_181,253
ORD1182,2012-09-04,2014-02-10,Customer_182,239
ORD1183,2013-12-05,2019-06-12,Customer_183,794
ORD1184,2010-04-29,2020-07-18,Customer_184,111
ORD1185,2016-06-18,2021-10-27,Customer_185,545
ORD1186,2018-12-09,2019-08-09,Customer_186,945
ORD1187,2017-05-08,2023-12-09,Customer_187,448
ORD1188,2010-01-30,2017-08-01,Customer_188,755
ORD1189,2012-12-28,2019-11-17,Customer_189,341
ORD1190,2017-09-22,2016-07-30,Customer_190,467
ORD1191,2023-01-15,2021-07-09,Customer_191,370
ORD1192,2015-05-14,2013-07-07,Customer_192,233
ORD1193,2023-11-13,2021-04-13,Customer_193,647
ORD1194,2017-12-29,2012-02-20,Customer_194,918
ORD1195,2018-04-14,2016-10-17,Customer_195,301
ORD1196,2015-10-30,2019-07-30,Customer_196,203
ORD1197,2018-02-14,2017-09-29,Customer_197,399
ORD1198,2018-03-02,2016-09-26,Customer_198,176
ORD1199,2014-05-08,2010-02-13,Customer_199,976
ORD1200,2023-10-25,2016-07-30,Customer_200,494
ORD1201,2021-03-30,2013-04-30,Customer_201,108
ORD1202,2022-04-13,2011-06-22,Customer_202,988
ORD1203,2021-02-17,2019-07-28,Customer_203,713
ORD1204,2020-08-21,2010-05-29,Customer_204,992
ORD1205,2018-07-26,2012-01-19,Customer_205,534
ORD1206,2016-06-12,2020-12-15,Customer_206,524
ORD1207,2017-09-20,2015-12-19,Customer_207,791
ORD1208,2019-11-12,2015-10-11,Customer_208,131
ORD1209,2016-05-18,2013-09-18,Customer_209,441
ORD1210,2020-01-30,2011-06-06,Customer_210,742
ORD1211,2019-01-15,2019-03-30,Customer_211,482
ORD1212,2013-05-20,2015-07-07,Customer_212,911
ORD1213,2014-03-11,2014-09-20,Customer_213,405
ORD1214,2013-04-27,2020-11-10,Customer_214,355
ORD1215,2020-11-10,2014-07-01,Customer_215,984
ORD1216,2018-03-23,2018-11-04,Customer_216,615
ORD1217,2019-09-13,2022-02-05,Customer_217,610
ORD1218,2022-01-21,2012-05-31,Customer_218,682
ORD1219,2021-07-11,2019-06-19,Customer_219,687
ORD1220,2012-02-12,2014-12-06,Customer_220,828
ORD1221,2020-11-03,2017-05-05,Customer_221,404
ORD1222,2018-02-27,2016-07-15,Customer_222,665
ORD1223,2020-05-09,2013-11-20,Customer_223,880
ORD1224,2016-04-20,2019-05-15,Customer_224,342
ORD1225,2021-08-09,2023-10-23,Customer_225,642
ORD1226,2016-11-09,2016-03-06,Customer_226,822
ORD1227,2012-05-21,2014-08-23,Customer_227,910
ORD1228,2017-02-20,2018-11-27,Customer_228,397
ORD1229,2010-12-31,2012-01-13,Customer_229,967
ORD1230,2021-05-04,2015-07-18,Customer_230,385
ORD1231,2023-07-28,2016-01-15,Customer_231,257
ORD1232,2010-07-17,2011-10-22,Customer_232,667
ORD1233,2018-09-07,2021-03-16,Customer_233,890
ORD1234,2021-09-09,2017-06-05,Customer_234,974
ORD1235,2023-04-02,2016-08-25,Customer_235,762
ORD1236,2021-03-13,2019-02-13,Customer_236,667
ORD1237,2010-06-03,2021-07-02,Customer_237,391
ORD1238,2013-12-07,2012-01-01,Customer_238,288
ORD1239,2021-02-24,2018-08-17,Customer_239,280
ORD1240,2011-04-23,2010-12-15,Customer_240,371
ORD1241,2021-08-03,2016-04-28,Customer_241,203
ORD1242,2011-06-18,2022-11-20,Customer_242,619
ORD1243,2011-11-28,2010-07-21,Customer_243,528
ORD1244,2020-10-15,2017-12-22,Customer_244,836
ORD1245,2016-08-06,2021-10-15,Customer_245,553
ORD1246,2012-02-17,2021-05-23,Customer_246,824
ORD1247,2014-02-16,2014-11-03,Customer_247,247
ORD1248,2022-02-26,2022-11-09,Customer_248,237
ORD1249,2013-08-01,2016-01-23,Customer_249,203
ORD1250,2011-01-29,2016-02-24,Customer_250,350
ORD1251,2013-08-17,2017-07-09,Customer_251,525
ORD1252,2015-09-05,2022-02-13,Customer_252,182
ORD1253,2013-11-06,2016-11-30,Customer_253,521
ORD1254,2015-08-22,2016-08-17,Customer_254,398
ORD1255,2023-03-14,2022-01-20,Customer_255,696
ORD1256,2018-10-11,2016-03-12,Customer_256,663
ORD1257,2017-01-20,2013-10-13,Customer_257,126
ORD1258,2013-12-27,2011-05-03,Customer_258,378
ORD1259,2013-01-07,2023-11-07,Customer_259,350
ORD1260,2019-04-28,2016-08-04,Customer_260,579
ORD1261,2014-05-22,2016-12-11,Customer_261,684
ORD1262,2012-09-30,2015-04-07,Customer_262,496
ORD1263,2019-01-29,2018-01-15,Customer_263,515
ORD1264,2016-11-14,2020-11-12,Customer_264,942
ORD1265,2018-09-24,2017-05-19,Customer_265,474
ORD1266,2018-05-29,2015-11-01,Customer_266,305
ORD1267,2016-11-22,2014-05-30,Customer_267,112
ORD1268,2023-09-18,2022-11-25,Customer_268,552
ORD1269,2010-04-28,2011-07-06,Customer_269,774
ORD1270,2018-01-10,2010-10-26,Customer_270,532
ORD1271,2010-10-02,2017-08-05,Customer_271,992
ORD1272,2014-12-09,2015-01-22,Customer_272,798
ORD1273,2017-04-22,2023-10-28,Customer_273,831
ORD1274,2011-10-07,2012-03-24,Customer_274,945
ORD1275,2020-02-25,2016-06-06,Customer_275,578
ORD1276,2023-04-16,2012-04-19,Customer_276,925
ORD1277,2011-05-16,2018-06-28,Customer_277,680
ORD1278,2010-06-18,2011-09-14,Customer_278,211
ORD1279,2017-07-20,2016-10-05,Customer_279,180
ORD1280,2015-11-18,2021-10-24,Customer_280,959
ORD1281,2010-10-31,2022-07-20,Customer_281,247
ORD1282,2018-03-09,2016-11-16,Customer_282,615
ORD1283,2019-05-31,2020-02-08,Customer_283,178
ORD1284,2011-12-16,2020-03-02,Customer_284,995
ORD1285,2019-02-09,2019-10-13,Customer_285,175
ORD1286,2014-04-11,2014-01-01,Customer_286,102
ORD1287,2014-10-08,2020-07-08,Customer_287,809
ORD1288,2021-01-28,2020-10-19,Customer_288,424
ORD1289,2022-06-02,2016-08-07,Customer_289,264
ORD1290,2014-07-08,2014-06-11,Customer_290,757
ORD1291,2015-05-30,2019-09-23,Customer_291,714
ORD1292,2017-10-21,2012-02-25,Customer_292,361
ORD1293,2014-12-06,2019-12-31,Customer_293,246
ORD1294,2011-02-15,2013-03-19,Customer_294,557
ORD1295,2013-08-25,2018-01-02,Customer_295,341
ORD1296,2020-07-11,2016-01-07,Customer_296,527
ORD1297,2014-04-28,2015-05-25,Customer_297,635
ORD1298,2012-02-29,2021-12-26,Customer_298,643
ORD1299,2018-12-01,2021-10-18,Customer_299,545
ORD1300,2022-12-06,2017-02-26,Customer_300,813
ORD1301,2013-10-26,2012-10-31,Customer_301,829
ORD1302,2018-09-20,2018-03-30,Customer_302,681
ORD1303,2023-10-12,2011-08-19,Customer_303,972
ORD1304,2020-01-24,2011-10-11,Customer_304,147
ORD1305,2023-04-26,2018-02-05,Customer_305,522
ORD1306,2018-01-19,2011-06-04,Customer_306,753
ORD1307,2022-03-25,2012-12-17,Customer_307,771
ORD1308,2016-07-11,2015-08-01,Customer_308,190
ORD1309,2023-09-17,2011-06-07,Customer_309,538
ORD1310,2017-11-07,2012-06-14,Customer_310,961
ORD1311,2014-08-10,2020-07-08,Customer_311,261
ORD1312,2012-04-14,2019-12-24,Customer_312,392
ORD1313,2016-11-03,2023-11-19,Customer_313,301
ORD1314,2010-08-29,2011-09-23,Customer_314,928
ORD1315,2020-11-19,2018-03-22,Customer_315,359
ORD1316,2010-03-19,2019-02-17,Customer_316,383
ORD1317,2018-06-28,2020-09-06,Customer_317,290
ORD1318,2020-10-31,2019-08-02,Customer_318,512
ORD1319,2021-05-13,2022-06-28,Customer_319,747
ORD1320,2014-12-06,2011-10-09,Customer_320,724
ORD1321,2016-05-21,2020-10-10,Customer_321,926
ORD1322,2016-01-14,2010-08-15,Customer_322,246
ORD1323,2020-06-07,2014-05-19,Customer_323,577
ORD1324,2023-09-10,2010-08-10,Customer_324,533
ORD1325,2019-09-04,2019-07-09,Customer_325,941
ORD1326,2021-04-07,2010-07-03,Customer_326,751
ORD1327,2021-02-05,2014-03-26,Customer_327,810
ORD1328,2013-06-21,2012-02-11,Customer_328,935
ORD1329,2014-08-13,2016-03-18,Customer_329,876
ORD1330,2010-06-10,2017-08-06,Customer_330,830
ORD1331,2011-12-24,2021-08-23,Customer_331,810
ORD1332,2013-08-14,2020-03-13,Customer_332,905
ORD1333,2020-05-31,2010-04-29,Customer_333,499
ORD1334,2011-05-05,2012-08-04,Customer_334,847
ORD1335,2017-03-05,2014-05-17,Customer_335,387
ORD1336,2023-08-25,2023-05-18,Customer_336,748
ORD1337,2023-04-29,2017-04-16,Customer_337,278
ORD1338,2012-03-05,2010-09-23,Customer_338,556
ORD1339,2018-05-03,2011-06-06,Customer_339,781
ORD1340,2016-05-18,2015-01-01,Customer_340,722
ORD1341,2019-08-06,2023-10-27,Customer_341,697
ORD1342,2011-09-08,2019-03-14,Customer_342,505
ORD1343,2019-12-21,2013-01-13,Customer_343,897
ORD1344,2013-02-01,2016-06-07,Customer_344,126
ORD1345,2018-05-21,2017-01-13,Customer_345,729
ORD1346,2013-04-20,2018-08-08,Customer_346,357
ORD1347,2016-08-14,2022-02-20,Customer_347,122
ORD1348,2013-03-15,2020-03-28,Customer_348,883
ORD1349,2013-05-17,2010-02-18,Customer_349,452
ORD1350,2021-05-16,2023-03-11,Customer_350,333
ORD1351,2019-09-12,2014-05-19,Customer_351,456
ORD1352,2017-11-01,2021-09-08,Customer_352,500
ORD1353,2019-01-23,2017-03-29,Customer_353,984
ORD1354,2021-04-18,2013-09-28,Customer_354,196
ORD1355,2022-12-03,2017-11-21,Customer_355,330
ORD1356,2023-07-25,2018-01-17,Customer_356,921
ORD1357,2013-03-17,2010-03-11,Customer_357,807
ORD1358,2010-07-30,2020-02-17,Customer_358,577
ORD1359,2013-09-28,2021-10-03,Customer_359,418
ORD1360,2017-11-08,2014-09-25,Customer_360,400
ORD1361,2022-05-02,2021-01-06,Customer_361,217
ORD1362,2022-08-07,2014-11-21,Customer_362,678
ORD1363,2014-04-20,2021-08-15,Customer_363,114
ORD1364,2023-10-04,2019-12-19,Customer_364,860
ORD1365,2021-02-01,2022-03-08,Customer_365,968
ORD1366,2012-11-26,2016-01-15,Customer_366,819
ORD1367,2011-08-16,2013-04-17,Customer_367,884
ORD1368,2021-04-30,2015-08-02,Customer_368,555
ORD1369,2020-02-24,2021-12-22,Customer_369,592
ORD1370,2015-05-22,2022-01-19,Customer_370,190
ORD1371,2010-06-19,2017-10-13,Customer_371,930
ORD1372,2015-12-30,2022-05-01,Customer_372,253
ORD1373,2020-07-19,2015-07-28,Customer_373,602
ORD1374,2015-11-01,2015-10-21,Customer_374,324
ORD1375,2021-09-12,2015-09-23,Customer_375,247
ORD1376,2022-10-26,2015-12-26,Customer_376,265
ORD1377,2018-09-29,2022-12-30,Customer_377,382
ORD1378,2011-06-17,2014-04-25,Customer_378,548
ORD1379,2013-08-29,2010-12-26,Customer_379,117
ORD1380,2023-05-05,2014-03-28,Customer_380,308
ORD1381,2011-07-09,2017-10-19,Customer_381,226
ORD1382,2019-04-10,2010-08-30,Customer_382,361
ORD1383,2010-06-20,2023-05-24,Customer_383,458
ORD1384,2016-05-27,2010-07-03,Customer_384,952
ORD1385,2013-10-26,2020-01-13,Customer_385,304
ORD1386,2012-10-26,2012-07-04,Customer_386,209
ORD1387,2018-06-17,2020-06-08,Customer_387,652
ORD1388,2016-06-21,2014-06-11,Customer_388,484
ORD1389,2017-08-06,2016-04-30,Customer_389,574
ORD1390,2013-02-02,2010-03-11,Customer_390,608
ORD1391,2013-02-14,2017-09-03,Customer_391,142
ORD1392,2018-07-25,2014-07-23,Customer_392,577
ORD1393,2020-05-18,2014-10-04,Customer_393,217
ORD1394,2015-08-19,2011-03-20,Customer_394,865
ORD1395,2010-08-15,2017-01-22,Customer_395,231
ORD1396,2017-10-03,2011-02-13,Customer_396,141
ORD1397,2022-04-24,2016-02-19,Customer_397,418
ORD1398,2019-03-26,2016-12-15,Customer_398,201
ORD1399,2015-05-17,2015-08-05,Customer_399,556
ORD1400,2017-02-16,2018-01-02,Customer_400,620
ORD1401,2010-10-04,2020-03-20,Customer_401,931
ORD1402,2012-11-29,2014-12-30,Customer_402,814
ORD1403,2010-04-18,2010-04-16,Customer_403,892
ORD1404,2013-07-18,2012-09-11,Customer_404,355
ORD1405,2015-07-18,2022-06-19,Customer_405,644
ORD1406,2011-01-30,2012-01-14,Customer_406,829
ORD1407,2019-11-23,2021-01-15,Customer_407,313
ORD1408,2020-09-17,2018-07-07,Customer_408,131
ORD1409,2013-11-22,2014-01-13,Customer_409,920
ORD1410,2023-08-19,2014-03-12,Customer_410,279
ORD1411,2020-09-13,2013-12-03,Customer_411,575
ORD1412,2019-09-14,2016-09-17,Customer_412,976
ORD1413,2017-05-08,2018-03-14,Customer_413,189
ORD1414,2022-08-26,2015-11-13,Customer_414,558
ORD1415,2017-09-19,2014-02-25,Customer_415,679
ORD1416,2015-02-07,2017-11-29,Customer_416,126
ORD1417,2014-01-09,2015-04-01,Customer_417,251
ORD1418,2019-12-07,2013-05-21,Customer_418,906
ORD1419,2021-02-07,2016-11-04,Customer_419,173
ORD1420,2014-11-08,2018-05-20,Customer_420,483
ORD1421,2019-08-01,2018-03-09,Customer_421,172
ORD1422,2015-05-31,2017-05-04,Customer_422,293
ORD1423,2012-02-20,2010-01-17,Customer_423,286
ORD1424,2017-05-16,2010-03-27,Customer_424,585
ORD1425,2021-09-18,2018-02-07,Customer_425,701
ORD1426,2014-10-17,2016-11-09,Customer_426,487
ORD1427,2014-11-29,2012-10-05,Customer_427,496
ORD1428,2022-10-26,2021-07-01,Customer_428,112
ORD1429,2013-10-03,2011-01-16,Customer_429,370
ORD1430,2010-01-31,2011-05-20,Customer_430,124
ORD1431,2022-11-28,2011-09-29,Customer_431,502
ORD1432,2022-11-01,2014-03-24,Customer_432,633
ORD1433,2015-03-17,2015-02-24,Customer_433,139
ORD1434,2014-03-09,2017-07-30,Customer_434,182
ORD1435,2022-03-14,2017-07-06,Customer_435,262
ORD1436,2016-06-21,2021-08-29,Customer_436,696
ORD1437,2023-08-03,2012-02-01,Customer_437,909
ORD1438,2011-09-18,2014-09-10,Customer_438,110
ORD1439,2019-07-21,2015-03-17,Customer_439,612
ORD1440,2021-03-16,2018-11-12,Customer_440,579
ORD1441,2021-09-03,2016-02-20,Customer_441,813
ORD1442,2011-04-29,2014-06-23,Customer_442,178
ORD1443,2015-04-19,2013-07-15,Customer_443,827
ORD1444,2023-06-29,2021-12-04,Customer_444,150
ORD1445,2019-03-05,2015-09-18,Customer_445,737
ORD1446,2011-01-27,2012-07-03,Customer_446,936
ORD1447,2018-03-19,2017-09-26,Customer_447,265
ORD1448,2010-12-15,2019-11-03,Customer_448,204
ORD1449,2012-05-11,2013-04-05,Customer_449,821
ORD1450,2019-04-09,2011-06-17,Customer_450,783
ORD1451,2014-09-30,2015-09-09,Customer_451,860
ORD1452,2021-03-17,2018-06-04,Customer_452,731
ORD1453,2010-06-09,2013-10-16,Customer_453,758
ORD1454,2013-07-04,2020-02-11,Customer_454,798
ORD1455,2012-06-04,2018-08-16,Customer_455,783
ORD1456,2012-09-19,2015-08-28,Customer_456,809
ORD1457,2012-04-18,2014-04-29,Customer_457,655
ORD1458,2019-03-04,2014-08-10,Customer_458,775
ORD1459,2013-05-24,2015-02-08,Customer_459,622
ORD1460,2016-07-13,2021-12-23,Customer_460,618
ORD1461,2012-06-22,2012-11-16,Customer_461,424
ORD1462,2014-02-21,2011-11-07,Customer_462,575
ORD1463,2023-11-09,2015-03-03,Customer_463,585
ORD1464,2021-02-23,2019-04-09,Customer_464,787
ORD1465,2020-10-01,2019-10-24,Customer_465,906
ORD1466,2013-10-19,2020-10-20,Customer_466,692
ORD1467,2020-01-05,2011-02-25,Customer_467,647
ORD1468,2020-04-16,2010-08-19,Customer_468,858
ORD1469,2014-06-19,2021-08-22,Customer_469,889
ORD1470,2015-12-18,2022-06-01,Customer_470,540
ORD1471,2016-11-07,2018-09-26,Customer_471,927
ORD1472,2020-02-05,2020-03-26,Customer_472,145
ORD1473,2018-04-03,2016-07-09,Customer_473,322
ORD1474,2011-07-24,2015-06-09,Customer_474,589
ORD1475,2022-08-13,2011-04-06,Customer_475,899
ORD1476,2013-02-20,2021-05-19,Customer_476,238
ORD1477,2022-08-12,2010-01-03,Customer_477,260
ORD1478,2021-01-24,2011-07-13,Customer_478,125
ORD1479,2018-12-20,2015-11-07,Customer_479,396
ORD1480,2021-07-07,2012-04-20,Customer_480,688
ORD1481,2023-11-24,2021-01-13,Customer_481,718
ORD1482,2021-11-02,2020-09-02,Customer_482,731
ORD1483,2016-08-06,2022-07-26,Customer_483,473
ORD1484,2010-02-12,2010-05-24,Customer_484,246
ORD1485,2019-09-02,2023-06-07,Customer_485,306
ORD1486,2019-10-02,2013-04-23,Customer_486,403
ORD1487,2011-11-10,2020-08-26,Customer_487,298
ORD1488,2017-12-18,2010-08-07,Customer_488,501
ORD1489,2015-01-07,2010-02-16,Customer_489,861
ORD1490,2023-07-17,2010-06-25,Customer_490,195
ORD1491,2020-03-20,2013-05-10,Customer_491,422
ORD1492,2011-07-06,2021-05-31,Customer_492,100
ORD1493,2019-12-27,2012-05-17,Customer_493,104
ORD1494,2010-01-07,2010-04-16,Customer_494,459
ORD1495,2022-08-04,2012-09-27,Customer_495,332
ORD1496,2013-05-05,2010-10-14,Customer_496,674
ORD1497,2016-12-28,2020-07-31,Customer_497,947
ORD1498,2019-08-09,2013-05-19,Customer_498,264
ORD1499,2013-03-30,2012-03-27,Customer_499,775
ORD1500,2016-12-03,2017-10-04,Customer_500,580
ORD1501,2019-12-20,2015-10-12,Customer_501,358
ORD1502,2013-09-04,2014-04-05,Customer_502,265
ORD1503,2023-10-04,2021-06-02,Customer_503,360
ORD1504,2020-12-01,2018-08-08,Customer_504,316
ORD1505,2011-12-17,2012-01-04,Customer_505,768
ORD1506,2012-01-10,2019-09-17,Customer_506,486
ORD1507,2022-01-13,2012-09-11,Customer_507,991
ORD1508,2012-01-07,2010-01-08,Customer_508,242
ORD1509,2012-03-03,2020-04-24,Customer_509,856
ORD1510,2020-09-18,2012-07-09,Customer_510,272
ORD1511,2022-05-09,2016-03-03,Customer_511,556
ORD1512,2010-07-29,2015-08-25,Customer_512,788
ORD1513,2011-09-22,2019-12-02,Customer_513,531
ORD1514,2019-11-24,2010-05-27,Customer_514,613
ORD1515,2020-02-05,2019-03-19,Customer_515,187
ORD1516,2010-07-29,2017-09-02,Customer_516,420
ORD1517,2010-10-20,2015-03-03,Customer_517,851
ORD1518,2012-07-12,2019-04-24,Customer_518,361
ORD1519,2013-02-26,2021-08-10,Customer_519,892
ORD1520,2017-11-16,2014-10-08,Customer_520,495
ORD1521,2023-08-01,2019-07-02,Customer_521,938
ORD1522,2013-05-23,2016-04-25,Customer_522,228
ORD1523,2021-04-21,2019-04-19,Customer_523,826
ORD1524,2021-07-30,2018-06-16,Customer_524,389
ORD1525,2018-12-30,2015-05-08,Customer_525,808
ORD1526,2017-05-10,2010-12-17,Customer_526,590
ORD1527,2011-08-16,2011-04-17,Customer_527,119
ORD1528,2021-03-02,2013-10-17,Customer_528,891
ORD1529,2023-01-05,2012-04-02,Customer_529,506
ORD1530,2015-07-06,2010-07-08,Customer_530,644
ORD1531,2020-10-23,2017-02-04,Customer_531,831
ORD1532,2014-03-07,2020-09-10,Customer_532,494
ORD1533,2013-09-23,2022-11-22,Customer_533,635
ORD1534,2021-07-14,2015-07-21,Customer_534,391
ORD1535,2018-01-09,2022-09-21,Customer_535,819
ORD1536,2014-06-27,2016-02-19,Customer_536,107
ORD1537,2021-01-20,2016-12-06,Customer_537,381
ORD1538,2012-10-24,2014-07-02,Customer_538,191
ORD1539,2018-10-14,2011-01-27,Customer_539,914
ORD1540,2018-02-25,2017-01-17,Customer_540,973
ORD1541,2013-10-06,2012-03-29,Customer_541,629
ORD1542,2015-04-17,2016-08-03,Customer_542,482
ORD1543,2022-07-16,2023-11-13,Customer_543,286
ORD1544,2016-12-01,2013-11-22,Customer_544,368
ORD1545,2018-12-09,2020-06-26,Customer_545,265
ORD1546,2020-02-14,2019-12-06,Customer_546,452
ORD1547,2022-06-04,2022-05-09,Customer_547,883
ORD1548,2010-12-28,2011-08-02,Customer_548,113
ORD1549,2020-06-05,2010-09-08,Customer_549,334
ORD1550,2013-08-31,2016-04-11,Customer_550,463
ORD1551,2023-06-18,2013-10-12,Customer_551,994
ORD1552,2020-12-08,2016-02-22,Customer_552,575
ORD1553,2020-06-05,2010-06-07,Customer_553,461
ORD1554,2010-12-16,2011-03-27,Customer_554,652
ORD1555,2019-12-26,2013-02-11,Customer_555,752
ORD1556,2016-02-29,2015-07-19,Customer_556,690
ORD1557,2016-08-03,2010-08-06,Customer_557,804
ORD1558,2013-09-24,2020-03-26,Customer_558,462
ORD1559,2017-08-24,2016-11-11,Customer_559,686
ORD1560,2015-09-20,2021-08-24,Customer_560,716
ORD1561,2017-09-16,2019-01-07,Customer_561,818
ORD1562,2017-01-30,2021-01-15,Customer_562,515
ORD1563,2022-06-26,2015-07-30,Customer_563,934
ORD1564,2012-07-21,2010-07-12,Customer_564,513
ORD1565,2023-10-09,2020-07-23,Customer_565,813
ORD1566,2022-01-31,2014-10-26,Customer_566,472
ORD1567,2013-03-30,2013-01-27,Customer_567,476
ORD1568,2014-01-27,2019-05-26,Customer_568,386
ORD1569,2012-09-24,2012-03-22,Customer_569,110
ORD1570,2018-05-09,2022-07-12,Customer_570,393
ORD1571,2014-09-07,2019-09-07,Customer_571,117
ORD1572,2019-02-04,2015-11-07,Customer_572,512
ORD1573,2021-02-11,2010-07-13,Customer_573,795
ORD1574,2011-07-22,2023-07-27,Customer_574,361
ORD1575,2015-06-18,2019-09-01,Customer_575,626
ORD1576,2012-05-17,2023-10-17,Customer_576,378
ORD1577,2015-03-14,2015-07-27,Customer_577,590
ORD1578,2013-01-07,2015-12-10,Customer_578,112
ORD1579,2016-10-30,2014-08-21,Customer_579,263
ORD1580,2021-12-13,2023-01-05,Customer_580,163
ORD1581,2010-11-08,2022-10-24,Customer_581,749
ORD1582,2019-12-14,2023-07-21,Customer_582,617
ORD1583,2011-08-31,2016-12-18,Customer_583,703
ORD1584,2020-06-08,2020-09-19,Customer_584,614
ORD1585,2018-11-19,2021-01-17,Customer_585,360
ORD1586,2021-04-08,2020-12-11,Customer_586,213
ORD1587,2017-06-26,2016-12-28,Customer_587,506
ORD1588,2017-10-14,2015-10-28,Customer_588,763
ORD1589,2018-05-06,2013-07-13,Customer_589,808
ORD1590,2018-08-30,2012-07-14,Customer_590,648
ORD1591,2017-09-14,2020-03-31,Customer_591,902
ORD1592,2023-08-05,2014-11-19,Customer_592,714
ORD1593,2013-01-17,2011-02-06,Customer_593,298
ORD1594,2011-07-31,2023-10-23,Customer_594,536
ORD1595,2017-10-29,2022-07-21,Customer_595,185
ORD1596,2016-04-14,2014-05-04,Customer_596,135
ORD1597,2012-09-05,2018-06-07,Customer_597,741
ORD1598,2019-12-29,2023-12-29,Customer_598,937
ORD1599,2021-03-14,2012-04-05,Customer_599,692
ORD1600,2014-08-04,2011-01-22,Customer_600,757
ORD1601,2016-02-02,2019-11-01,Customer_601,179
ORD1602,2022-06-14,2011-05-05,Customer_602,599
ORD1603,2010-05-22,2023-05-27,Customer_603,663
ORD1604,2013-05-05,2016-09-03,Customer_604,463
ORD1605,2011-04-23,2015-12-31,Customer_605,958
ORD1606,2022-04-28,2011-01-20,Customer_606,412
ORD1607,2015-08-01,2018-07-09,Customer_607,775
ORD1608,2017-08-02,2021-06-19,Customer_608,673
ORD1609,2014-12-09,2015-05-24,Customer_609,733
ORD1610,2014-02-02,2021-09-01,Customer_610,147
ORD1611,2013-10-07,2012-07-25,Customer_611,890
ORD1612,2012-09-21,2023-06-09,Customer_612,751
ORD1613,2010-03-20,2016-09-11,Customer_613,617
ORD1614,2020-09-14,2020-10-12,Customer_614,101
ORD1615,2016-03-29,2015-09-09,Customer_615,858
ORD1616,2018-05-09,2019-10-14,Customer_616,835
ORD1617,2021-05-22,2018-05-30,Customer_617,663
ORD1618,2018-01-25,2023-03-05,Customer_618,895
ORD1619,2023-11-01,2013-11-30,Customer_619,343
ORD1620,2020-02-27,2019-07-08,Customer_620,557
ORD1621,2021-02-23,2018-06-24,Customer_621,144
ORD1622,2017-10-25,2021-08-28,Customer_622,199
ORD1623,2019-08-25,2017-11-21,Customer_623,545
ORD1624,2013-08-09,2014-07-22,Customer_624,717
ORD1625,2017-06-18,2013-01-12,Customer_625,273
ORD1626,2020-10-16,2013-12-10,Customer_626,387
ORD1627,2015-12-07,2021-07-08,Customer_627,562
ORD1628,2021-07-21,2017-08-12,Customer_628,356
ORD1629,2013-07-31,2014-05-15,Customer_629,581
ORD1630,2021-05-06,2018-05-05,Customer_630,587
ORD1631,2020-07-03,2015-03-03,Customer_631,568
ORD1632,2017-10-23,2020-08-03,Customer_632,339
ORD1633,2015-12-18,2019-09-28,Customer_633,370
ORD1634,2020-10-08,2023-07-21,Customer_634,631
ORD1635,2014-04-29,2020-11-10,Customer_635,668
ORD1636,2018-11-15,2017-04-17,Customer_636,928
ORD1637,2014-01-02,2016-11-11,Customer_637,168
ORD1638,2013-12-27,2019-01-04,Customer_638,117
ORD1639,2015-12-16,2020-03-06,Customer_639,469
ORD1640,2023-07-15,2017-12-15,Customer_640,601
ORD1641,2011-05-30,2012-10-05,Customer_641,253
ORD1642,2018-05-02,2012-09-05,Customer_642,393
ORD1643,2014-09-17,2010-11-27,Customer_643,961
ORD1644,2010-03-13,2011-02-20,Customer_644,464
ORD1645,2014-08-27,2016-03-20,Customer_645,339
ORD1646,2020-02-23,2011-08-15,Customer_646,371
ORD1647,2021-07-01,2020-07-28,Customer_647,308
ORD1648,2013-07-09,2018-10-02,Customer_648,898
ORD1649,2013-08-23,2016-01-19,Customer_649,479
ORD1650,2022-08-05,2023-12-30,Customer_650,443
ORD1651,2019-03-25,2017-05-04,Customer_651,621
ORD1652,2016-05-31,2018-12-05,Customer_652,664
ORD1653,2013-04-08,2023-10-28,Customer_653,429
ORD1654,2023-10-13,2020-06-19,Customer_654,133
ORD1655,2017-03-08,2020-07-23,Customer_655,963
ORD1656,2012-11-30,2017-10-05,Customer_656,940
ORD1657,2011-04-15,2010-04-20,Customer_657,741
ORD1658,2022-07-07,2011-06-22,Customer_658,215
ORD1659,2015-07-29,2014-01-21,Customer_659,275
ORD1660,2016-11-27,2013-11-17,Customer_660,438
ORD1661,2018-08-27,2013-05-22,Customer_661,888
ORD1662,2016-05-07,2015-10-22,Customer_662,892
ORD1663,2011-03-07,2022-09-09,Customer_663,155
ORD1664,2018-04-26,2017-01-30,Customer_664,254
ORD1665,2016-12-18,2020-08-18,Customer_665,669
ORD1666,2020-05-02,2015-12-06,Customer_666,529
ORD1667,2017-10-30,2016-02-29,Customer_667,905
ORD1668,2015-12-14,2013-02-19,Customer_668,973
ORD1669,2015-06-30,2012-11-26,Customer_669,138
ORD1670,2019-03-26,2019-07-22,Customer_670,343
ORD1671,2011-07-23,2022-10-20,Customer_671,891
ORD1672,2015-08-12,2023-12-03,Customer_672,613
ORD1673,2022-05-13,2014-08-03,Customer_673,438
ORD1674,2011-06-17,2023-09-28,Customer_674,686
ORD1675,2013-06-10,2013-07-29,Customer_675,407
ORD1676,2015-01-09,2013-11-16,Customer_676,121
ORD1677,2013-04-26,2010-11-08,Customer_677,486
ORD1678,2020-01-11,2021-06-22,Customer_678,161
ORD1679,2011-03-12,2012-08-11,Customer_679,714
ORD1680,2010-07-25,2017-01-17,Customer_680,968
ORD1681,2019-09-11,2016-07-24,Customer_681,761
ORD1682,2013-05-28,2014-08-17,Customer_682,960
ORD1683,2015-11-05,2021-02-04,Customer_683,966
ORD1684,2013-01-25,2016-03-01,Customer_684,385
ORD1685,2019-01-07,2020-04-12,Customer_685,589
ORD1686,2015-01-01,2015-08-17,Customer_686,903
ORD1687,2015-06-14,2016-02-15,Customer_687,759
ORD1688,2020-05-22,2020-03-28,Customer_688,164
ORD1689,2018-10-14,2020-12-29,Customer_689,239
ORD1690,2021-05-22,2022-11-02,Customer_690,215
ORD1691,2016-09-29,2023-06-24,Customer_691,719
ORD1692,2019-07-07,2017-10-02,Customer_692,848
ORD1693,2021-01-03,2015-08-05,Customer_693,540
ORD1694,2023-03-16,2013-06-24,Customer_694,756
ORD1695,2016-09-02,2011-03-22,Customer_695,212
ORD1696,2022-09-14,2023-01-22,Customer_696,383
ORD1697,2011-02-16,2016-03-31,Customer_697,579
ORD1698,2017-03-20,2023-01-04,Customer_698,908
ORD1699,2012-07-02,2018-04-22,Customer_699,672
ORD1700,2014-04-14,2011-06-19,Customer_700,794
ORD1701,2018-12-31,2014-12-24,Customer_701,441
ORD1702,2017-02-10,2021-07-24,Customer_702,150
ORD1703,2020-10-11,2015-11-30,Customer_703,756
ORD1704,2018-02-08,2012-08-27,Customer_704,689
ORD1705,2023-05-25,2012-09-09,Customer_705,481
ORD1706,2018-01-29,2016-08-08,Customer_706,507
ORD1707,2012-10-30,2023-06-30,Customer_707,537
ORD1708,2014-03-19,2019-10-25,Customer_708,111
ORD1709,2016-09-12,2012-04-09,Customer_709,332
ORD1710,2015-08-12,2014-05-25,Customer_710,271
ORD1711,2017-01-22,2021-12-30,Customer_711,585
ORD1712,2016-10-24,2016-06-30,Customer_712,797
ORD1713,2018-03-18,2019-12-01,Customer_713,119
ORD1714,2013-01-06,2021-07-04,Customer_714,920
ORD1715,2020-06-10,2010-05-18,Customer_715,964
ORD1716,2016-07-22,2021-03-10,Customer_716,443
ORD1717,2022-10-03,2021-04-08,Customer_717,210
ORD1718,2019-12-24,2017-05-07,Customer_718,921
ORD1719,2011-07-17,2018-12-04,Customer_719,448
ORD1720,2023-11-15,2020-05-29,Customer_720,982
ORD1721,2016-06-30,2010-11-28,Customer_721,834
ORD1722,2022-03-27,2015-09-10,Customer_722,168
ORD1723,2020-08-07,2023-10-22,Customer_723,374
ORD1724,2011-07-26,2010-12-13,Customer_724,798
ORD1725,2014-09-14,2010-12-17,Customer_725,241
ORD1726,2018-08-11,2021-08-13,Customer_726,868
ORD1727,2016-02-19,2021-11-05,Customer_727,448
ORD1728,2019-09-18,2022-04-22,Customer_728,462
ORD1729,2016-04-09,2022-02-09,Customer_729,418
ORD1730,2022-10-16,2017-08-25,Customer_730,287
ORD1731,2016-10-24,2019-12-08,Customer_731,133
ORD1732,2010-03-12,2015-11-10,Customer_732,324
ORD1733,2023-09-28,2011-05-16,Customer_733,819
ORD1734,2020-05-09,2020-07-27,Customer_734,597
ORD1735,2023-04-14,2022-11-23,Customer_735,185
ORD1736,2019-09-16,2021-11-14,Customer_736,453
ORD1737,2016-01-23,2020-12-06,Customer_737,807
ORD1738,2015-12-10,2010-09-10,Customer_738,779
ORD1739,2017-12-29,2011-04-27,Customer_739,666
ORD1740,2017-05-16,2020-04-10,Customer_740,814
ORD1741,2011-06-16,2010-05-12,Customer_741,192
ORD1742,2021-06-05,2020-08-01,Customer_742,283
ORD1743,2010-12-11,2022-09-21,Customer_743,153
ORD1744,2012-02-24,2018-09-25,Customer_744,453
ORD1745,2023-01-21,2022-09-07,Customer_745,756
ORD1746,2010-05-18,2018-02-03,Customer_746,781
ORD1747,2020-12-31,2012-11-15,Customer_747,892
ORD1748,2016-04-08,2017-06-10,Customer_748,220
ORD1749,2019-11-22,2013-04-20,Customer_749,302
ORD1750,2014-03-13,2016-11-07,Customer_750,171
ORD1751,2015-09-15,2015-05-10,Customer_751,221
ORD1752,2012-12-03,2011-06-07,Customer_752,758
ORD1753,2012-01-11,2021-06-20,Customer_753,475
ORD1754,2011-12-15,2023-04-16,Customer_754,535
ORD1755,2013-11-17,2023-05-04,Customer_755,343
ORD1756,2018-05-02,2014-01-01,Customer_756,846
ORD1757,2017-12-31,2018-08-07,Customer_757,332
ORD1758,2018-10-05,2015-10-23,Customer_758,880
ORD1759,2023-11-05,2019-09-24,Customer_759,176
ORD1760,2022-01-06,2016-03-27,Customer_760,720
ORD1761,2015-01-08,2019-09-25,Customer_761,295
ORD1762,2020-03-13,2019-07-29,Customer_762,279
ORD1763,2021-04-28,2022-09-09,Customer_763,286
ORD1764,2016-07-19,2013-07-31,Customer_764,564
ORD1765,2014-06-20,2012-06-14,Customer_765,944
ORD1766,2023-05-02,2015-11-22,Customer_766,425
ORD1767,2013-06-18,2012-06-05,Customer_767,636
ORD1768,2014-05-04,2020-03-06,Customer_768,633
ORD1769,2022-12-25,2017-07-27,Customer_769,993
ORD1770,2011-05-06,2023-01-24,Customer_770,841
ORD1771,2022-02-05,2013-07-09,Customer_771,545
ORD1772,2013-05-13,2010-01-23,Customer_772,109
ORD1773,2014-01-27,2013-06-09,Customer_773,474
ORD1774,2011-03-08,2022-02-21,Customer_774,268
ORD1775,2016-05-23,2020-11-30,Customer_775,447
ORD1776,2011-05-14,2013-08-15,Customer_776,157
ORD1777,2016-11-09,2015-03-24,Customer_777,231
ORD1778,2022-05-14,2021-08-07,Customer_778,161
ORD1779,2016-06-06,2014-06-15,Customer_779,502
ORD1780,2022-01-12,2012-10-24,Customer_780,296
ORD1781,2013-12-13,2016-01-05,Customer_781,220
ORD1782,2016-05-23,2020-08-30,Customer_782,312
ORD1783,2011-08-17,2018-11-04,Customer_783,793
ORD1784,2020-05-26,2015-03-26,Customer_784,992
ORD1785,2017-08-18,2013-06-16,Customer_785,236
ORD1786,2015-06-03,2011-04-18,Customer_786,921
ORD1787,2010-12-03,2012-09-07,Customer_787,562
ORD1788,2019-08-23,2013-01-22,Customer_788,823
ORD1789,2020-04-23,2019-02-28,Customer_789,915
ORD1790,2015-01-10,2022-10-18,Customer_790,529
ORD1791,2010-08-07,2021-08-24,Customer_791,691
ORD1792,2018-05-15,2017-07-04,Customer_792,841
ORD1793,2018-01-27,2019-05-05,Customer_793,718
ORD1794,2013-11-04,2016-02-20,Customer_794,960
ORD1795,2011-11-30,2017-01-16,Customer_795,655
ORD1796,2014-06-23,2012-10-09,Customer_796,517
ORD1797,2010-04-11,2022-02-07,Customer_797,153
ORD1798,2013-11-26,2015-05-02,Customer_798,737
ORD1799,2010-10-28,2022-12-05,Customer_799,529
ORD1800,2013-08-02,2012-04-30,Customer_800,532
ORD1801,2019-09-28,2012-11-01,Customer_801,956
ORD1802,2012-07-27,2013-10-16,Customer_802,841
ORD1803,2023-09-14,2013-01-07,Customer_803,671
ORD1804,2011-02-08,2016-08-09,Customer_804,623
ORD1805,2021-03-16,2010-04-12,Customer_805,340
ORD1806,2011-02-04,2012-11-20,Customer_806,497
ORD1807,2015-07-22,2014-12-19,Customer_807,820
ORD1808,2016-04-25,2010-05-08,Customer_808,362
ORD1809,2020-02-28,2021-03-08,Customer_809,745
ORD1810,2015-09-14,2011-07-10,Customer_810,462
ORD1811,2023-04-11,2016-02-24,Customer_811,759
ORD1812,2010-12-01,2013-03-30,Customer_812,171
ORD1813,2013-01-18,2010-07-28,Customer_813,213
ORD1814,2010-04-03,2022-08-04,Customer_814,579
ORD1815,2023-05-17,2023-10-06,Customer_815,655
ORD1816,2019-07-05,2022-06-24,Customer_816,813
ORD1817,2022-04-12,2014-11-18,Customer_817,706
ORD1818,2021-09-08,2010-10-30,Customer_818,269
ORD1819,2013-06-22,2015-03-05,Customer_819,397
ORD1820,2021-02-06,2011-07-24,Customer_820,902
ORD1821,2021-05-05,2016-09-12,Customer_821,766
ORD1822,2013-10-18,2013-03-25,Customer_822,987
ORD1823,2013-09-29,2017-09-17,Customer_823,523
ORD1824,2011-10-29,2020-08-29,Customer_824,880
ORD1825,2022-08-23,2022-03-11,Customer_825,312
ORD1826,2021-12-06,2020-11-03,Customer_826,536
ORD1827,2011-10-06,2023-10-24,Customer_827,161
ORD1828,2023-09-23,2014-06-08,Customer_828,147
ORD1829,2020-11-03,2015-11-01,Customer_829,848
ORD1830,2020-07-04,2015-04-21,Customer_830,447
ORD1831,2014-09-30,2020-04-11,Customer_831,917
ORD1832,2016-11-29,2016-04-12,Customer_832,482
ORD1833,2017-04-20,2021-03-01,Customer_833,307
ORD1834,2018-02-21,2020-08-19,Customer_834,947
ORD1835,2011-04-01,2013-12-15,Customer_835,250
ORD1836,2019-03-30,2018-06-03,Customer_836,729
ORD1837,2023-11-21,2013-05-22,Customer_837,838
ORD1838,2015-02-16,2018-10-12,Customer_838,640
ORD1839,2020-11-07,2022-10-06,Customer_839,772
ORD1840,2015-01-22,2014-11-07,Customer_840,109
ORD1841,2012-07-24,2018-11-28,Customer_841,870
ORD1842,2013-04-18,2011-02-06,Customer_842,895
ORD1843,2018-09-23,2012-12-23,Customer_843,587
ORD1844,2012-12-14,2014-09-09,Customer_844,158
ORD1845,2018-06-13,2018-08-02,Customer_845,176
ORD1846,2022-03-09,2015-11-20,Customer_846,781
ORD1847,2013-11-16,2016-11-21,Customer_847,353
ORD1848,2012-06-17,2010-08-17,Customer_848,675
ORD1849,2011-03-08,2016-04-25,Customer_849,858
ORD1850,2011-11-25,2017-04-20,Customer_850,324
ORD1851,2017-02-20,2013-04-11,Customer_851,820
ORD1852,2016-09-24,2012-07-27,Customer_852,163
ORD1853,2020-10-08,2017-09-02,Customer_853,181
ORD1854,2010-05-18,2017-09-23,Customer_854,212
ORD1855,2023-07-29,2022-07-13,Customer_855,113
ORD1856,2012-08-27,2020-07-06,Customer_856,325
ORD1857,2010-11-15,2020-07-12,Customer_857,301
ORD1858,2013-10-04,2023-08-19,Customer_858,396
ORD1859,2022-05-09,2018-11-12,Customer_859,245
ORD1860,2016-11-11,2013-01-21,Customer_860,393
ORD1861,2015-07-01,2016-06-29,Customer_861,511
ORD1862,2023-05-23,2010-08-26,Customer_862,163
ORD1863,2021-05-05,2013-05-11,Customer_863,187
ORD1864,2016-02-18,2012-08-09,Customer_864,554
ORD1865,2018-10-20,2016-02-13,Customer_865,707
ORD1866,2014-03-03,2017-06-16,Customer_866,711
ORD1867,2013-05-27,2019-08-16,Customer_867,495
ORD1868,2020-12-15,2015-05-07,Customer_868,776
ORD1869,2018-12-03,2017-07-24,Customer_869,929
ORD1870,2012-06-04,2021-09-09,Customer_870,139
ORD1871,2019-03-04,2017-05-16,Customer_871,373
ORD1872,2013-12-25,2018-04-05,Customer_872,789
ORD1873,2021-09-02,2016-07-24,Customer_873,109
ORD1874,2017-10-10,2021-08-09,Customer_874,707
ORD1875,2010-06-29,2013-03-21,Customer_875,863
ORD1876,2018-06-16,2015-02-25,Customer_876,921
ORD1877,2021-08-13,2010-03-17,Customer_877,573
ORD1878,2010-09-03,2018-05-27,Customer_878,840
ORD1879,2011-07-01,2019-11-10,Customer_879,682
ORD1880,2014-05-15,2021-07-13,Customer_880,986
ORD1881,2015-01-10,2023-02-28,Customer_881,316
ORD1882,2011-09-30,2017-06-19,Customer_882,574
ORD1883,2021-01-27,2019-01-14,Customer_883,485
ORD1884,2021-08-17,2013-12-29,Customer_884,937
ORD1885,2015-04-21,2023-02-05,Customer_885,600
ORD1886,2011-02-22,2011-12-19,Customer_886,293
ORD1887,2011-07-03,2012-07-03,Customer_887,276
ORD1888,2014-11-21,2019-08-09,Customer_888,864
ORD1889,2014-12-12,2017-08-26,Customer_889,154
ORD1890,2020-01-09,2014-07-18,Customer_890,641
ORD1891,2013-03-09,2010-09-02,Customer_891,123
ORD1892,2019-10-21,2017-12-20,Customer_892,755
ORD1893,2010-12-07,2016-04-04,Customer_893,958
ORD1894,2018-04-05,2021-09-06,Customer_894,462
ORD1895,2020-10-10,2015-07-10,Customer_895,711
ORD1896,2018-07-26,2023-02-25,Customer_896,158
ORD1897,2019-05-07,2016-04-30,Customer_897,856
ORD1898,2021-07-01,2014-04-22,Customer_898,230
ORD1899,2010-08-13,2015-07-11,Customer_899,655
ORD1900,2021-08-19,2021-07-08,Customer_900,696
ORD1901,2021-03-20,2010-09-28,Customer_901,349
ORD1902,2022-01-31,2015-09-14,Customer_902,328
ORD1903,2021-01-10,2011-01-29,Customer_903,993
ORD1904,2023-01-25,2020-08-30,Customer_904,179
ORD1905,2023-08-03,2014-06-29,Customer_905,188
ORD1906,2010-07-26,2012-08-25,Customer_906,608
ORD1907,2019-03-17,2010-08-20,Customer_907,631
ORD1908,2013-05-10,2011-06-15,Customer_908,839
ORD1909,2012-01-01,2017-07-14,Customer_909,433
ORD1910,2022-06-21,2019-12-31,Customer_910,229
ORD1911,2021-01-31,2017-03-15,Customer_911,699
ORD1912,2010-03-09,2014-10-24,Customer_912,968
ORD1913,2014-09-30,2020-12-25,Customer_913,940
ORD1914,2018-01-07,2010-03-31,Customer_914,757
ORD1915,2014-04-11,2019-02-15,Customer_915,374
ORD1916,2016-09-02,2015-10-20,Customer_916,545
ORD1917,2021-07-28,2019-02-16,Customer_917,601
ORD1918,2023-02-06,2023-09-27,Customer_918,162
ORD1919,2016-04-17,2020-07-22,Customer_919,905
ORD1920,2012-04-19,2019-09-15,Customer_920,374
ORD1921,2023-12-05,2016-05-01,Customer_921,738
ORD1922,2016-05-17,2019-11-09,Customer_922,710
ORD1923,2020-04-02,2022-11-18,Customer_923,673
ORD1924,2014-12-13,2022-06-22,Customer_924,840
ORD1925,2019-06-16,2023-12-08,Customer_925,658
ORD1926,2022-04-20,2010-10-18,Customer_926,607
ORD1927,2021-02-10,2012-09-24,Customer_927,281
ORD1928,2014-09-11,2017-05-05,Customer_928,823
ORD1929,2020-03-15,2012-07-04,Customer_929,109
ORD1930,2013-12-09,2015-11-03,Customer_930,453
ORD1931,2021-10-20,2016-02-12,Customer_931,540
ORD1932,2017-03-02,2016-02-29,Customer_932,330
ORD1933,2020-10-23,2013-02-01,Customer_933,394
ORD1934,2011-10-23,2020-08-26,Customer_934,156
ORD1935,2022-05-11,2021-12-07,Customer_935,513
ORD1936,2018-04-06,2012-10-04,Customer_936,846
ORD1937,2016-05-26,2020-03-22,Customer_937,584
ORD1938,2019-05-05,2020-09-25,Customer_938,950
ORD1939,2015-03-10,2017-10-19,Customer_939,781
ORD1940,2023-07-27,2015-07-08,Customer_940,103
ORD1941,2023-04-01,2021-03-20,Customer_941,121
ORD1942,2021-08-16,2019-10-30,Customer_942,101
ORD1943,2011-11-20,2017-07-28,Customer_943,700
ORD1944,2010-10-12,2014-04-16,Customer_944,882
ORD1945,2021-01-17,2010-04-01,Customer_945,270
ORD1946,2020-08-18,2021-02-23,Customer_946,927
ORD1947,2014-03-19,2014-01-26,Customer_947,624
ORD1948,2017-08-03,2011-06-11,Customer_948,521
ORD1949,2010-06-29,2012-11-16,Customer_949,839
ORD1950,2012-03-05,2022-08-15,Customer_950,816
ORD1951,2020-10-05,2013-03-20,Customer_951,581
ORD1952,2010-08-22,2012-12-22,Customer_952,972
ORD1953,2018-10-11,2023-10-06,Customer_953,200
ORD1954,2022-07-26,2021-07-20,Customer_954,739
ORD1955,2017-12-06,2018-12-17,Customer_955,690
ORD1956,2012-05-06,2011-11-15,Customer_956,703
ORD1957,2013-05-26,2013-06-08,Customer_957,485
ORD1958,2014-12-27,2015-09-13,Customer_958,310
ORD1959,2020-02-24,2016-11-15,Customer_959,638
ORD1960,2016-12-01,2013-04-06,Customer_960,932
ORD1961,2022-05-27,2016-12-11,Customer_961,466
ORD1962,2013-06-06,2010-12-23,Customer_962,308
ORD1963,2023-10-27,2018-12-29,Customer_963,204
ORD1964,2011-03-22,2021-02-05,Customer_964,716
ORD1965,2014-02-04,2015-08-25,Customer_965,304
ORD1966,2012-11-28,2010-07-04,Customer_966,237
ORD1967,2022-11-23,2014-11-06,Customer_967,111
ORD1968,2018-04-15,2019-02-08,Customer_968,132
ORD1969,2010-05-20,2014-06-11,Customer_969,319
ORD1970,2017-01-04,2021-12-07,Customer_970,718
ORD1971,2020-07-28,2023-07-07,Customer_971,761
ORD1972,2022-06-26,2010-07-06,Customer_972,203
ORD1973,2015-10-19,2012-12-22,Customer_973,997
ORD1974,2019-09-05,2016-10-17,Customer_974,824
ORD1975,2010-04-22,2014-01-10,Customer_975,642
ORD1976,2013-08-11,2010-04-20,Customer_976,167
ORD1977,2019-11-21,2010-05-27,Customer_977,799
ORD1978,2013-10-21,2017-09-25,Customer_978,565
ORD1979,2013-12-08,2017-02-19,Customer_979,990
ORD1980,2016-12-01,2018-05-21,Customer_980,463
ORD1981,2014-06-17,2011-03-21,Customer_981,207
ORD1982,2017-04-22,2022-08-27,Customer_982,438
ORD1983,2013-04-25,2010-05-27,Customer_983,598
ORD1984,2021-12-03,2018-01-15,Customer_984,598
ORD1985,2020-03-26,2017-09-28,Customer_985,345
ORD1986,2022-08-25,2021-11-11,Customer_986,786
ORD1987,2014-09-27,2016-06-30,Customer_987,557
ORD1988,2016-09-02,2014-03-02,Customer_988,372
ORD1989,2021-06-14,2012-08-26,Customer_989,167
ORD1990,2021-11-19,2013-12-12,Customer_990,515
ORD1991,2022-10-03,2012-01-27,Customer_991,536
ORD1992,2023-05-19,2013-03-30,Customer_992,697
ORD1993,2023-03-19,2020-05-05,Customer_993,785
ORD1994,2014-12-10,2017-07-23,Customer_994,309
ORD1995,2012-12-04,2022-08-04,Customer_995,917
ORD1996,2021-09-01,2011-07-09,Customer_996,217
ORD1997,2012-07-01,2011-08-18,Customer_997,506
ORD1998,2020-01-27,2016-05-23,Customer_998,295
ORD1999,2015-02-07,2020-04-21,Customer_999,381
